Workbook

Sheet A1
A1: StartTime | B1: EndTime | C1: WaitTime_sec | D1: Call Duration_sec | E1: Call Durations MM:SS | F1: Wait Time_Sec MM:SS
A2: 45295.283 | B2: 45295.289 | C2: 238 | D2: =(B2-A2)*86400 -> 561 | E2: =B2-A2 -> 0.0064930556 | F2: =C2/86400 -> 0.0027546296
A3: 45310.793 | B3: 45310.796 | C3: 233 | D3: =(B3-A3)*86400 -> 251 | E3: =B3-A3 -> 0.0029050926 | F3: =C3/86400 -> 0.0026967593
A4: 45299.859 | B4: 45299.879 | C4: 16 | D4: =(B4-A4)*86400 -> 1717 | E4: =B4-A4 -> 0.019872685 | F4: =C4/86400 -> 0.00018518519
A5: 45302.379 | B5: 45302.382 | C5: 377 | D5: =(B5-A5)*86400 -> 258 | E5: =B5-A5 -> 0.0029861111 | F5: =C5/86400 -> 0.0043634259
A6: 45304.358 | B6: 45304.378 | C6: 380 | D6: =(B6-A6)*86400 -> 1758 | E6: =B6-A6 -> 0.020347222 | F6: =C6/86400 -> 0.0043981481
A7: 45294.58 | B7: 45294.59 | C7: 294 | D7: =(B7-A7)*86400 -> 837.99999 | E7: =B7-A7 -> 0.009699074 | F7: =C7/86400 -> 0.0034027778
A8: 45300.36 | B8: 45300.365 | C8: 556 | D8: =(B8-A8)*86400 -> 410 | E8: =B8-A8 -> 0.0047453704 | F8: =C8/86400 -> 0.0064351852
A9: 45309.572 | B9: 45309.592 | C9: 67 | D9: =(B9-A9)*86400 -> 1786 | E9: =B9-A9 -> 0.020671296 | F9: =C9/86400 -> 0.00077546296
A10: 45310.676 | B10: 45310.689 | C10: 415 | D10: =(B10-A10)*86400 -> 1082 | E10: =B10-A10 -> 0.012523148 | F10: =C10/86400 -> 0.0048032407
A11: 45315.832 | B11: 45315.842 | C11: 380 | D11: =(B11-A11)*86400 -> 877 | E11: =B11-A11 -> 0.010150463 | F11: =C11/86400 -> 0.0043981481
A12: 45295.445 | B12: 45295.464 | C12: 442 | D12: =(B12-A12)*86400 -> 1682 | E12: =B12-A12 -> 0.019467593 | F12: =C12/86400 -> 0.0051157407
A13: 45300.28 | B13: 45300.284 | C13: 559 | D13: =(B13-A13)*86400 -> 294 | E13: =B13-A13 -> 0.0034027778 | F13: =C13/86400 -> 0.0064699074
... A501: 45307.556 | B501: 45307.575 | C501: 365 | D501: =(B501-A501)*86400 -> 1674 | E501: =B501-A501 -> 0.019375 | F501: =C501/86400 -> 0.004224537

Sheet A2
A1: StartTime | B1: EndTime | C1: WaitTime_sec | D1: Call Hour | E1: Day of week | F1: Week Number | G1: Start Time | H1: Weekday
A2: 45295.283 | B2: 45295.289 | C2: 238 | D2: =HOUR(A2) -> 6 | E2: =DAY(A2) -> 4 | F2: =WEEKNUM(A2) -> 1 | G2: =A2 -> 45295.283 | H2: =WEEKDAY(A2) -> 5
A3: 45310.793 | B3: 45310.796 | C3: 233 | D3: =HOUR(A3) -> 19 | E3: =DAY(A3) -> 19 | F3: =WEEKNUM(A3) -> 3 | G3: =A3 -> 45310.793 | H3: =WEEKDAY(A3) -> 6
A4: 45299.859 | B4: 45299.879 | C4: 16 | D4: =HOUR(A4) -> 20 | E4: =DAY(A4) -> 8 | F4: =WEEKNUM(A4) -> 2 | G4: =A4 -> 45299.859 | H4: =WEEKDAY(A4) -> 2
A5: 45302.379 | B5: 45302.382 | C5: 377 | D5: =HOUR(A5) -> 9 | E5: =DAY(A5) -> 11 | F5: =WEEKNUM(A5) -> 2 | G5: =A5 -> 45302.379 | H5: =WEEKDAY(A5) -> 5
A6: 45304.358 | B6: 45304.378 | C6: 380 | D6: =HOUR(A6) -> 8 | E6: =DAY(A6) -> 13 | F6: =WEEKNUM(A6) -> 2 | G6: =A6 -> 45304.358 | H6: =WEEKDAY(A6) -> 7
A7: 45294.58 | B7: 45294.59 | C7: 294 | D7: =HOUR(A7) -> 13 | E7: =DAY(A7) -> 3 | F7: =WEEKNUM(A7) -> 1 | G7: =A7 -> 45294.58 | H7: =WEEKDAY(A7) -> 4
A8: 45300.36 | B8: 45300.365 | C8: 556 | D8: =HOUR(A8) -> 8 | E8: =DAY(A8) -> 9 | F8: =WEEKNUM(A8) -> 2 | G8: =A8 -> 45300.36 | H8: =WEEKDAY(A8) -> 3
A9: 45309.572 | B9: 45309.592 | C9: 67 | D9: =HOUR(A9) -> 13 | E9: =DAY(A9) -> 18 | F9: =WEEKNUM(A9) -> 3 | G9: =A9 -> 45309.572 | H9: =WEEKDAY(A9) -> 5
A10: 45310.676 | B10: 45310.689 | C10: 415 | D10: =HOUR(A10) -> 16 | E10: =DAY(A10) -> 19 | F10: =WEEKNUM(A10) -> 3 | G10: =A10 -> 45310.676 | H10: =WEEKDAY(A10) -> 6
A11: 45315.832 | B11: 45315.842 | C11: 380 | D11: =HOUR(A11) -> 19 | E11: =DAY(A11) -> 24 | F11: =WEEKNUM(A11) -> 4 | G11: =A11 -> 45315.832 | H11: =WEEKDAY(A11) -> 4
A12: 45295.445 | B12: 45295.464 | C12: 442 | D12: =HOUR(A12) -> 10 | E12: =DAY(A12) -> 4 | F12: =WEEKNUM(A12) -> 1 | G12: =A12 -> 45295.445 | H12: =WEEKDAY(A12) -> 5
A13: 45300.28 | B13: 45300.284 | C13: 559 | D13: =HOUR(A13) -> 6 | E13: =DAY(A13) -> 9 | F13: =WEEKNUM(A13) -> 2 | G13: =A13 -> 45300.28 | H13: =WEEKDAY(A13) -> 3
... A501: 45307.556 | B501: 45307.575 | C501: 365 | D501: =HOUR(A501) -> 13 | E501: =DAY(A501) -> 16 | F501: =WEEKNUM(A501) -> 3 | G501: =A501 -> 45307.556 | H501: =WEEKDAY(A501) -> 3

Sheet A3
A1: StartTime | B1: EndTime | C1: Hour | D1: Uniques | E1: Count | F1: Volume
A2: 45295.283 | B2: 45295.289 | C2: =HOUR(A2) -> 6 | D2: 7 | E2: =COUNTIF($C$2:$C$501,D2) -> 39 | F2: Peak
A3: 45310.793 | B3: 45310.796 | C3: =HOUR(A3) -> 19 | D3: 18 | E3: =COUNTIF($C$2:$C$501,D3) -> 34
A4: 45299.859 | B4: 45299.879 | C4: =HOUR(A4) -> 20 | D4: 22 | E4: =COUNTIF($C$2:$C$501,D4) -> 34
A5: 45302.379 | B5: 45302.382 | C5: =HOUR(A5) -> 9 | D5: 13 | E5: =COUNTIF($C$2:$C$501,D5) -> 33
A6: 45304.358 | B6: 45304.378 | C6: =HOUR(A6) -> 8 | D6: 16 | E6: =COUNTIF($C$2:$C$501,D6) -> 32
A7: 45294.58 | B7: 45294.59 | C7: =HOUR(A7) -> 13 | D7: 8 | E7: =COUNTIF($C$2:$C$501,D7) -> 30
A8: 45300.36 | B8: 45300.365 | C8: =HOUR(A8) -> 8 | D8: 10 | E8: =COUNTIF($C$2:$C$501,D8) -> 30
A9: 45309.572 | B9: 45309.592 | C9: =HOUR(A9) -> 13 | D9: 12 | E9: =COUNTIF($C$2:$C$501,D9) -> 30
A10: 45310.676 | B10: 45310.689 | C10: =HOUR(A10) -> 16 | D10: 17 | E10: =COUNTIF($C$2:$C$501,D10) -> 30
A11: 45315.832 | B11: 45315.842 | C11: =HOUR(A11) -> 19 | D11: 15 | E11: =COUNTIF($C$2:$C$501,D11) -> 29
A12: 45295.445 | B12: 45295.464 | C12: =HOUR(A12) -> 10 | D12: 19 | E12: =COUNTIF($C$2:$C$501,D12) -> 27
A13: 45300.28 | B13: 45300.284 | C13: =HOUR(A13) -> 6 | D13: 20 | E13: =COUNTIF($C$2:$C$501,D13) -> 27
A14: 45292.606 | B14: 45292.611 | C14: =HOUR(A14) -> 14 | D14: 9 | E14: =COUNTIF($C$2:$C$501,D14) -> 26
A15: 45303.483 | B15: 45303.496 | C15: =HOUR(A15) -> 11 | D15: 14 | E15: =COUNTIF($C$2:$C$501,D15) -> 26
A16: 45317.635 | B16: 45317.642 | C16: =HOUR(A16) -> 15 | D16: 21 | E16: =COUNTIF($C$2:$C$501,D16) -> 26 | F16: Quiet
A17: 45309.423 | B17: 45309.435 | C17: =HOUR(A17) -> 10 | D17: 11 | E17: =COUNTIF($C$2:$C$501,D17) -> 24
A18: 45309.531 | B18: 45309.542 | C18: =HOUR(A18) -> 12 | D18: 6 | E18: =COUNTIF($C$2:$C$501,D18) -> 23
A19: 45309.568 | B19: 45309.568 | C19: =HOUR(A19) -> 13
A20: 45308.554 | B20: 45308.566 | C20: =HOUR(A20) -> 13
A21: 45307.577 | B21: 45307.597 | C21: =HOUR(A21) -> 13
A22: 45305.872 | B22: 45305.874 | C22: =HOUR(A22) -> 20
A23: 45298.524 | B23: 45298.528 | C23: =HOUR(A23) -> 12
A24: 45319.378 | B24: 45319.391 | C24: =HOUR(A24) -> 9
A25: 45319.79 | B25: 45319.794 | C25: =HOUR(A25) -> 18
A26: 45305.881 | B26: 45305.889 | C26: =HOUR(A26) -> 21
A27: 45307.958 | B27: 45307.971 | C27: =HOUR(A27) -> 22
A28: 45304.414 | B28: 45304.421 | C28: =HOUR(A28) -> 9
A29: 45302.593 | B29: 45302.611 | C29: =HOUR(A29) -> 14
A30: 45316.334 | B30: 45316.349 | C30: =HOUR(A30) -> 8
... A501: 45307.556 | B501: 45307.575 | C501: =HOUR(A501) -> 13

Sheet A4
A1: StartTime | B1: EndTime | C1: WaitTime_sec | D1: CallType | E1: Department | F1: Channel | G1: Resolved | H1: Resolution | I1: Count | J1: CustomerRating | K1: Hour | L1: Shifts | M1: Unique Shift | N1: Avg Wait Time / Shift | O1: Customer Rating / Shift | P1: Resolution Rate / Shift | Q1: Unique Call Type | R1: Wait time / Call type | S1: Unique Channel | T1: wait time / channel
A2: 45295.283 | B2: 45295.289 | C2: 238 | D2: Technical | E2: Support | F2: Email | G2: Y | H2: =IF(G2="Y",1,0) -> 1 | I2: {=COUNTIF($H$2:$H$501,H2)} -> 375 | J2: 5 | K2: =HOUR(A2:A501) -> 6 | L2: =IF(AND(K2>=6,K2<=18),"Morning","Evening") -> Morning | M2: {=_xlfn.UNIQUE(L2:L501,TRUE,TRUE)} -> Morning | N2: =AVERAGEIF($L$2:$L$3,M2,$C$2:$C$501) -> 238 | O2: =AVERAGEIF($L$2:$L$3,M2,$J$2:$J$501) -> 5 | P2: =AVERAGEIF($L$2:$L$501,M2,H2:H501) -> 0.76683938 | Q2: Technical | R2: =AVERAGEIF($D$2:$D$501,Q2,$C$2:$C$501) -> 294.03125 | S2: Email | T2: =AVERAGEIF($F$2:$F$501,S2,$C$2:$C$501) -> 299.61818
A3: 45310.793 | B3: 45310.796 | C3: 233 | D3: Technical | E3: Support | F3: Email | G3: N | H3: =IF(G3="Y",1,0) -> 0 | I3: {=COUNTIF($H$2:$H$501,H3)} -> 125 | J3: 3 | K3: =HOUR(A3:A502) -> 19 | L3: =IF(AND(K3>=6,K3<=18),"Morning","Evening") -> Evening | M3: Evening | N3: =AVERAGEIF($L$2:$L$3,M3,$C$2:$C$501) -> 233 | O3: =AVERAGEIF($M$2:$M$3,M3,$J$2:$J$501) -> 3 | P3: =AVERAGEIF($L$2:$L$501,M3,H3:H502) -> 0.73684211 | Q3: Complaint | R3: =AVERAGEIF($D$2:$D$501,Q3,$C$2:$C$501) -> 311.21154 | S3: Chat | T3: =AVERAGEIF($F$2:$F$501,S3,$C$2:$C$501) -> 333.97076
A4: 45299.859 | B4: 45299.879 | C4: 16 | D4: Technical | E4: Technical | F4: Chat | G4: Y | H4: =IF(G4="Y",1,0) -> 1 | J4: 3 | K4: =HOUR(A4:A503) -> 20 | L4: =IF(AND(K4>=6,K4<=18),"Morning","Evening") -> Evening | Q4: Sales | R4: =AVERAGEIF($D$2:$D$501,Q4,$C$2:$C$501) -> 317.10638 | S4: Phone | T4: =AVERAGEIF($F$2:$F$501,S4,$C$2:$C$501) -> 316.31707
A5: 45302.379 | B5: 45302.382 | C5: 377 | D5: Complaint | E5: Retention | F5: Phone | G5: Y | H5: =IF(G5="Y",1,0) -> 1 | J5: 5 | K5: =HOUR(A5:A504) -> 9 | L5: =IF(AND(K5>=6,K5<=18),"Morning","Evening") -> Morning | Q5: General | R5: =AVERAGEIF($D$2:$D$501,Q5,$C$2:$C$501) -> 328.2844
A6: 45304.358 | B6: 45304.378 | C6: 380 | D6: Sales | E6: Sales | F6: Email | G6: N | H6: =IF(G6="Y",1,0) -> 0 | J6: 3 | K6: =HOUR(A6:A505) -> 8 | L6: =IF(AND(K6>=6,K6<=18),"Morning","Evening") -> Morning | Q6: Billing | R6: =AVERAGEIF($D$2:$D$501,Q6,$C$2:$C$501) -> 332.35052
A7: 45294.58 | B7: 45294.59 | C7: 294 | D7: General | E7: Retention | F7: Phone | G7: Y | H7: =IF(G7="Y",1,0) -> 1 | J7: 3 | K7: =HOUR(A7:A506) -> 13 | L7: =IF(AND(K7>=6,K7<=18),"Morning","Evening") -> Morning
A8: 45300.36 | B8: 45300.365 | C8: 556 | D8: Technical | E8: Sales | F8: Chat | G8: Y | H8: =IF(G8="Y",1,0) -> 1 | J8: 5 | K8: =HOUR(A8:A507) -> 8 | L8: =IF(AND(K8>=6,K8<=18),"Morning","Evening") -> Morning
A9: 45309.572 | B9: 45309.592 | C9: 67 | D9: Technical | E9: Support | F9: Chat | G9: Y | H9: =IF(G9="Y",1,0) -> 1 | J9: 3 | K9: =HOUR(A9:A508) -> 13 | L9: =IF(AND(K9>=6,K9<=18),"Morning","Evening") -> Morning
A10: 45310.676 | B10: 45310.689 | C10: 415 | D10: General | E10: Sales | F10: Chat | G10: N | H10: =IF(G10="Y",1,0) -> 0 | J10: 3 | K10: =HOUR(A10:A509) -> 16 | L10: =IF(AND(K10>=6,K10<=18),"Morning","Evening") -> Morning
A11: 45315.832 | B11: 45315.842 | C11: 380 | D11: Technical | E11: Sales | F11: Email | G11: Y | H11: =IF(G11="Y",1,0) -> 1 | J11: 3 | K11: =HOUR(A11:A510) -> 19 | L11: =IF(AND(K11>=6,K11<=18),"Morning","Evening") -> Evening
A12: 45295.445 | B12: 45295.464 | C12: 442 | D12: Sales | E12: Support | F12: Chat | G12: Y | H12: =IF(G12="Y",1,0) -> 1 | J12: 4 | K12: =HOUR(A12:A511) -> 10 | L12: =IF(AND(K12>=6,K12<=18),"Morning","Evening") -> Morning
A13: 45300.28 | B13: 45300.284 | C13: 559 | D13: Complaint | E13: Retention | F13: Phone | G13: Y | H13: =IF(G13="Y",1,0) -> 1 | J13: 3 | K13: =HOUR(A13:A512) -> 6 | L13: =IF(AND(K13>=6,K13<=18),"Morning","Evening") -> Morning
A14: 45292.606 | B14: 45292.611 | C14: 529 | D14: Billing | E14: Retention | F14: Email | G14: Y | H14: =IF(G14="Y",1,0) -> 1 | J14: 3 | K14: =HOUR(A14:A513) -> 14 | L14: =IF(AND(K14>=6,K14<=18),"Morning","Evening") -> Morning
A15: 45303.483 | B15: 45303.496 | C15: 10 | D15: Sales | E15: Retention | F15: Chat | G15: N | H15: =IF(G15="Y",1,0) -> 0 | J15: 2 | K15: =HOUR(A15:A514) -> 11 | L15: =IF(AND(K15>=6,K15<=18),"Morning","Evening") -> Morning
A16: 45317.635 | B16: 45317.642 | C16: 590 | D16: Billing | E16: Support | F16: Email | G16: Y | H16: =IF(G16="Y",1,0) -> 1 | J16: 3 | K16: =HOUR(A16:A515) -> 15 | L16: =IF(AND(K16>=6,K16<=18),"Morning","Evening") -> Morning
A17: 45309.423 | B17: 45309.435 | C17: 572 | D17: Technical | E17: Retention | F17: Email | G17: Y | H17: =IF(G17="Y",1,0) -> 1 | J17: 4 | K17: =HOUR(A17:A516) -> 10 | L17: =IF(AND(K17>=6,K17<=18),"Morning","Evening") -> Morning
A18: 45309.531 | B18: 45309.542 | C18: 392 | D18: General | E18: Technical | F18: Phone | G18: N | H18: =IF(G18="Y",1,0) -> 0 | J18: 1 | K18: =HOUR(A18:A517) -> 12 | L18: =IF(AND(K18>=6,K18<=18),"Morning","Evening") -> Morning
... A501: 45307.556 | B501: 45307.575 | C501: 365 | D501: General | E501: Sales | F501: Phone | G501: Y | H501: =IF(G501="Y",1,0) -> 1 | J501: 4 | K501: =HOUR(A501:A1000) -> 13 | L501: =IF(AND(K501>=6,K501<=18),"Morning","Evening") -> Morning

Sheet A5
A1: AgentID | B1: AgentName | C1: Resolved | D1: Resolution | E1: CustomerRating | F1: EscalatedToManager | G1: Escalation | H1: Call Duration_sec | I1: AgentID | J1: AgentName | K1: Total calls | L1: Avg Duration | M1: Customer Rating | N1: Resolution rate (%) | O1: Escalation Rate (%)
A2: AGT011 | B2: Anita Bose | C2: Y | D2: =IF(C2="Y",1,0) -> 1 | E2: 5 | F2: N | G2: =IF(F2="Y",1,0) -> 0 | H2: 561 | I2: AGT001 | J2: Priya Sharma | K2: =COUNTIF($B$2:$B$501,J2) -> 33 | L2: =AVERAGEIF($B$2:$B$501,J2,$H$2:$H$501) -> 1049.303 | M2: =AVERAGEIF($B$2:$B$501,J2,$E$2:$E$501) -> 3.4848485 | N2: =AVERAGEIF($B$2:$B$501,J2,$D$2:$D$501) -> 0.78787879 | O2: =AVERAGEIF($B$2:$B$501,J2,$G$2:$G$501) -> 0.12121212
A3: AGT002 | B3: Rahul Mehta | C3: N | D3: =IF(C3="Y",1,0) -> 0 | E3: 3 | F3: Y | G3: =IF(F3="Y",1,0) -> 1 | H3: 251 | I3: AGT002 | J3: Rahul Mehta | K3: =COUNTIF($B$2:$B$501,J3) -> 30 | L3: =AVERAGEIF($B$2:$B$501,J3,$H$2:$H$501) -> 939.46667 | M3: =AVERAGEIF($B$2:$B$501,J3,$E$2:$E$501) -> 3.1333333 | N3: =AVERAGEIF($B$2:$B$501,J3,$D$2:$D$501) -> 0.63333333 | O3: =AVERAGEIF($B$2:$B$501,J3,$G$2:$G$501) -> 0.2
A4: AGT007 | B4: Pooja Singh | C4: Y | D4: =IF(C4="Y",1,0) -> 1 | E4: 3 | F4: N | G4: =IF(F4="Y",1,0) -> 0 | H4: 1717 | I4: AGT003 | J4: Sneha Patil | K4: =COUNTIF($B$2:$B$501,J4) -> 25 | L4: =AVERAGEIF($B$2:$B$501,J4,$H$2:$H$501) -> 1015.36 | M4: =AVERAGEIF($B$2:$B$501,J4,$E$2:$E$501) -> 3.52 | N4: =AVERAGEIF($B$2:$B$501,J4,$D$2:$D$501) -> 0.64 | O4: =AVERAGEIF($B$2:$B$501,J4,$G$2:$G$501) -> 0.2
A5: AGT013 | B5: Lakshmi Iyer | C5: Y | D5: =IF(C5="Y",1,0) -> 1 | E5: 5 | F5: N | G5: =IF(F5="Y",1,0) -> 0 | H5: 258 | I5: AGT004 | J5: Amit Joshi | K5: =COUNTIF($B$2:$B$501,J5) -> 38 | L5: =AVERAGEIF($B$2:$B$501,J5,$H$2:$H$501) -> 913.18421 | M5: =AVERAGEIF($B$2:$B$501,J5,$E$2:$E$501) -> 3.3684211 | N5: =AVERAGEIF($B$2:$B$501,J5,$D$2:$D$501) -> 0.71052632 | O5: =AVERAGEIF($B$2:$B$501,J5,$G$2:$G$501) -> 0.13157895
A6: AGT002 | B6: Rahul Mehta | C6: N | D6: =IF(C6="Y",1,0) -> 0 | E6: 3 | F6: N | G6: =IF(F6="Y",1,0) -> 0 | H6: 1758 | I6: AGT005 | J6: Divya Nair | K6: =COUNTIF($B$2:$B$501,J6) -> 26 | L6: =AVERAGEIF($B$2:$B$501,J6,$H$2:$H$501) -> 1111.3462 | M6: =AVERAGEIF($B$2:$B$501,J6,$E$2:$E$501) -> 3.6923077 | N6: =AVERAGEIF($B$2:$B$501,J6,$D$2:$D$501) -> 0.88461538 | O6: =AVERAGEIF($B$2:$B$501,J6,$G$2:$G$501) -> 0
A7: AGT005 | B7: Divya Nair | C7: Y | D7: =IF(C7="Y",1,0) -> 1 | E7: 3 | F7: N | G7: =IF(F7="Y",1,0) -> 0 | H7: 837.99999 | I7: AGT006 | J7: Rohan Desai | K7: =COUNTIF($B$2:$B$501,J7) -> 37 | L7: =AVERAGEIF($B$2:$B$501,J7,$H$2:$H$501) -> 1017.6757 | M7: =AVERAGEIF($B$2:$B$501,J7,$E$2:$E$501) -> 3.5135135 | N7: =AVERAGEIF($B$2:$B$501,J7,$D$2:$D$501) -> 0.75675676 | O7: =AVERAGEIF($B$2:$B$501,J7,$G$2:$G$501) -> 0.081081081
A8: AGT011 | B8: Anita Bose | C8: Y | D8: =IF(C8="Y",1,0) -> 1 | E8: 5 | F8: N | G8: =IF(F8="Y",1,0) -> 0 | H8: 410 | I8: AGT007 | J8: Pooja Singh | K8: =COUNTIF($B$2:$B$501,J8) -> 33 | L8: =AVERAGEIF($B$2:$B$501,J8,$H$2:$H$501) -> 976.69697 | M8: =AVERAGEIF($B$2:$B$501,J8,$E$2:$E$501) -> 3.5454545 | N8: =AVERAGEIF($B$2:$B$501,J8,$D$2:$D$501) -> 0.6969697 | O8: =AVERAGEIF($B$2:$B$501,J8,$G$2:$G$501) -> 0.18181818
A9: AGT012 | B9: Sanjay Tiwari | C9: Y | D9: =IF(C9="Y",1,0) -> 1 | E9: 3 | F9: N | G9: =IF(F9="Y",1,0) -> 0 | H9: 1786 | I9: AGT008 | J9: Kiran Kumar | K9: =COUNTIF($B$2:$B$501,J9) -> 40 | L9: =AVERAGEIF($B$2:$B$501,J9,$H$2:$H$501) -> 816.9 | M9: =AVERAGEIF($B$2:$B$501,J9,$E$2:$E$501) -> 3.625 | N9: =AVERAGEIF($B$2:$B$501,J9,$D$2:$D$501) -> 0.8 | O9: =AVERAGEIF($B$2:$B$501,J9,$G$2:$G$501) -> 0.125
A10: AGT004 | B10: Amit Joshi | C10: N | D10: =IF(C10="Y",1,0) -> 0 | E10: 3 | F10: Y | G10: =IF(F10="Y",1,0) -> 1 | H10: 1082 | I10: AGT009 | J10: Neha Gupta | K10: =COUNTIF($B$2:$B$501,J10) -> 37 | L10: =AVERAGEIF($B$2:$B$501,J10,$H$2:$H$501) -> 1041.3784 | M10: =AVERAGEIF($B$2:$B$501,J10,$E$2:$E$501) -> 3.5135135 | N10: =AVERAGEIF($B$2:$B$501,J10,$D$2:$D$501) -> 0.81081081 | O10: =AVERAGEIF($B$2:$B$501,J10,$G$2:$G$501) -> 0.081081081
A11: AGT005 | B11: Divya Nair | C11: Y | D11: =IF(C11="Y",1,0) -> 1 | E11: 3 | F11: N | G11: =IF(F11="Y",1,0) -> 0 | H11: 877 | I11: AGT010 | J11: Vijay Rao | K11: =COUNTIF($B$2:$B$501,J11) -> 32 | L11: =AVERAGEIF($B$2:$B$501,J11,$H$2:$H$501) -> 1001.1875 | M11: =AVERAGEIF($B$2:$B$501,J11,$E$2:$E$501) -> 3.15625 | N11: =AVERAGEIF($B$2:$B$501,J11,$D$2:$D$501) -> 0.625 | O11: =AVERAGEIF($B$2:$B$501,J11,$G$2:$G$501) -> 0.125
A12: AGT014 | B12: Deepak Shah | C12: Y | D12: =IF(C12="Y",1,0) -> 1 | E12: 4 | F12: N | G12: =IF(F12="Y",1,0) -> 0 | H12: 1682 | I12: AGT011 | J12: Anita Bose | K12: =COUNTIF($B$2:$B$501,J12) -> 36 | L12: =AVERAGEIF($B$2:$B$501,J12,$H$2:$H$501) -> 1035.2222 | M12: =AVERAGEIF($B$2:$B$501,J12,$E$2:$E$501) -> 3.6944444 | N12: =AVERAGEIF($B$2:$B$501,J12,$D$2:$D$501) -> 0.86111111 | O12: =AVERAGEIF($B$2:$B$501,J12,$G$2:$G$501) -> 0.055555556
A13: AGT009 | B13: Neha Gupta | C13: Y | D13: =IF(C13="Y",1,0) -> 1 | E13: 3 | F13: N | G13: =IF(F13="Y",1,0) -> 0 | H13: 294 | I13: AGT012 | J13: Sanjay Tiwari | K13: =COUNTIF($B$2:$B$501,J13) -> 36 | L13: =AVERAGEIF($B$2:$B$501,J13,$H$2:$H$501) -> 964.38889 | M13: =AVERAGEIF($B$2:$B$501,J13,$E$2:$E$501) -> 3.1388889 | N13: =AVERAGEIF($B$2:$B$501,J13,$D$2:$D$501) -> 0.63888889 | O13: =AVERAGEIF($B$2:$B$501,J13,$G$2:$G$501) -> 0.13888889
... A16: AGT014 | B16: Deepak Shah | C16: Y | D16: =IF(C16="Y",1,0) -> 1 | E16: 3 | F16: N | G16: =IF(F16="Y",1,0) -> 0 | H16: 553 | I16: AGT015 | J16: Meera Pillai | K16: =COUNTIF($B$2:$B$501,J16) -> 33 | L16: =AVERAGEIF($B$2:$B$501,J16,$H$2:$H$501) -> 865.42424 | M16: =AVERAGEIF($B$2:$B$501,J16,$E$2:$E$501) -> 3.6969697 | N16: =AVERAGEIF($B$2:$B$501,J16,$D$2:$D$501) -> 0.90909091 | O16: =AVERAGEIF($B$2:$B$501,J16,$G$2:$G$501) -> 0.03030303
A17: AGT013 | B17: Lakshmi Iyer | C17: Y | D17: =IF(C17="Y",1,0) -> 1 | E17: 4 | F17: N | G17: =IF(F17="Y",1,0) -> 0 | H17: 1033
A18: AGT004 | B18: Amit Joshi | C18: N | D18: =IF(C18="Y",1,0) -> 0 | E18: 1 | F18: N | G18: =IF(F18="Y",1,0) -> 0 | H18: 877
A19: AGT010 | B19: Vijay Rao | C19: Y | D19: =IF(C19="Y",1,0) -> 1 | E19: 4 | F19: N | G19: =IF(F19="Y",1,0) -> 0 | H19: 73.999993
A20: AGT002 | B20: Rahul Mehta | C20: Y | D20: =IF(C20="Y",1,0) -> 1 | E20: 5 | F20: N | G20: =IF(F20="Y",1,0) -> 0 | H20: 1054
A21: AGT010 | B21: Vijay Rao | C21: Y | D21: =IF(C21="Y",1,0) -> 1 | E21: 4 | F21: N | G21: =IF(F21="Y",1,0) -> 0 | H21: 1713
A22: AGT007 | B22: Pooja Singh | C22: Y | D22: =IF(C22="Y",1,0) -> 1 | E22: 3 | F22: N | G22: =IF(F22="Y",1,0) -> 0 | H22: 170
A23: AGT004 | B23: Amit Joshi | C23: N | D23: =IF(C23="Y",1,0) -> 0 | E23: 1 | F23: N | G23: =IF(F23="Y",1,0) -> 0 | H23: 347
A24: AGT014 | B24: Deepak Shah | C24: Y | D24: =IF(C24="Y",1,0) -> 1 | E24: 4 | F24: N | G24: =IF(F24="Y",1,0) -> 0 | H24: 1167
A25: AGT004 | B25: Amit Joshi | C25: Y | D25: =IF(C25="Y",1,0) -> 1 | E25: 4 | F25: N | G25: =IF(F25="Y",1,0) -> 0 | H25: 397
A26: AGT005 | B26: Divya Nair | C26: Y | D26: =IF(C26="Y",1,0) -> 1 | E26: 3 | F26: N | G26: =IF(F26="Y",1,0) -> 0 | H26: 667
A27: AGT010 | B27: Vijay Rao | C27: N | D27: =IF(C27="Y",1,0) -> 0 | E27: 1 | F27: Y | G27: =IF(F27="Y",1,0) -> 1 | H27: 1147
A28: AGT004 | B28: Amit Joshi | C28: Y | D28: =IF(C28="Y",1,0) -> 1 | E28: 5 | F28: N | G28: =IF(F28="Y",1,0) -> 0 | H28: 563.99999
... A501: AGT003 | B501: Sneha Patil | C501: Y | D501: =IF(C501="Y",1,0) -> 1 | E501: 4 | F501: N | G501: =IF(F501="Y",1,0) -> 0 | H501: 1674

Sheet A6
A1: AgentID | B1: AgentName | C1: Total calls | D1: Avg Duration | E1: Customer Rating | F1: Resolution rate (%) | G1: Escalation Rate (%) | H1: Score = (Resolution Rate × 0.40) + (Avg Rating / 5 × 0.35) + (Normalized Call Volume × 0.25) | I1: Rank | J1: #1 and #5 | K1: Match | L1: Index
A2: AGT001 | B2: Priya Sharma | C2: 33 | D2: 1049.303 | E2: 3.4848485 | F2: 0.78787879 | G2: 0.12121212 | H2: =(F2*40)+(E2/5*0.35)+(C2*0.25) -> 40.009091 | I2: =_xlfn.RANK.AVG(H2,$H$2:$H$16,1) -> 10 | J2: =SMALL(I2:I16,1) -> 1 | K2: =MATCH(J2,$I$2:$I$16,0) -> 3 | L2: =INDEX($B$2:$B$16,K2,0) -> Sneha Patil
A3: AGT002 | B3: Rahul Mehta | C3: 30 | D3: 939.46667 | E3: 3.1333333 | F3: 0.63333333 | G3: 0.2 | H3: =(F3*40)+(E3/5*0.35)+(C3*0.25) -> 33.052667 | I3: =_xlfn.RANK.AVG(H3,$H$2:$H$16,1) -> 2 | J3: =LARGE(I2:I16,5) -> 11 | K3: =MATCH(J3,$I$2:$I$16,0) -> 9 | L3: =INDEX($B$2:$B$16,K3,0) -> Neha Gupta
A4: AGT003 | B4: Sneha Patil | C4: 25 | D4: 1015.36 | E4: 3.52 | F4: 0.64 | G4: 0.2 | H4: =(F4*40)+(E4/5*0.35)+(C4*0.25) -> 32.0964 | I4: =_xlfn.RANK.AVG(H4,$H$2:$H$16,1) -> 1
A5: AGT004 | B5: Amit Joshi | C5: 38 | D5: 913.18421 | E5: 3.3684211 | F5: 0.71052632 | G5: 0.13157895 | H5: =(F5*40)+(E5/5*0.35)+(C5*0.25) -> 38.156842 | I5: =_xlfn.RANK.AVG(H5,$H$2:$H$16,1) -> 8
A6: AGT005 | B6: Divya Nair | C6: 26 | D6: 1111.3462 | E6: 3.6923077 | F6: 0.88461538 | G6: 0 | H6: =(F6*40)+(E6/5*0.35)+(C6*0.25) -> 42.143077 | I6: =_xlfn.RANK.AVG(H6,$H$2:$H$16,1) -> 12
A7: AGT006 | B7: Rohan Desai | C7: 37 | D7: 1017.6757 | E7: 3.5135135 | F7: 0.75675676 | G7: 0.081081081 | H7: =(F7*40)+(E7/5*0.35)+(C7*0.25) -> 39.766216 | I7: =_xlfn.RANK.AVG(H7,$H$2:$H$16,1) -> 9
A8: AGT007 | B8: Pooja Singh | C8: 33 | D8: 976.69697 | E8: 3.5454545 | F8: 0.6969697 | G8: 0.18181818 | H8: =(F8*40)+(E8/5*0.35)+(C8*0.25) -> 36.37697 | I8: =_xlfn.RANK.AVG(H8,$H$2:$H$16,1) -> 5
A9: AGT008 | B9: Kiran Kumar | C9: 40 | D9: 816.9 | E9: 3.625 | F9: 0.8 | G9: 0.125 | H9: =(F9*40)+(E9/5*0.35)+(C9*0.25) -> 42.25375 | I9: =_xlfn.RANK.AVG(H9,$H$2:$H$16,1) -> 13
A10: AGT009 | B10: Neha Gupta | C10: 37 | D10: 1041.3784 | E10: 3.5135135 | F10: 0.81081081 | G10: 0.081081081 | H10: =(F10*40)+(E10/5*0.35)+(C10*0.25) -> 41.928378 | I10: =_xlfn.RANK.AVG(H10,$H$2:$H$16,1) -> 11
A11: AGT010 | B11: Vijay Rao | C11: 32 | D11: 1001.1875 | E11: 3.15625 | F11: 0.625 | G11: 0.125 | H11: =(F11*40)+(E11/5*0.35)+(C11*0.25) -> 33.220937 | I11: =_xlfn.RANK.AVG(H11,$H$2:$H$16,1) -> 3
A12: AGT011 | B12: Anita Bose | C12: 36 | D12: 1035.2222 | E12: 3.6944444 | F12: 0.86111111 | G12: 0.055555556 | H12: =(F12*40)+(E12/5*0.35)+(C12*0.25) -> 43.703056 | I12: =_xlfn.RANK.AVG(H12,$H$2:$H$16,1) -> 14
A13: AGT012 | B13: Sanjay Tiwari | C13: 36 | D13: 964.38889 | E13: 3.1388889 | F13: 0.63888889 | G13: 0.13888889 | H13: =(F13*40)+(E13/5*0.35)+(C13*0.25) -> 34.775278 | I13: =_xlfn.RANK.AVG(H13,$H$2:$H$16,1) -> 4
A14: AGT013 | B14: Lakshmi Iyer | C14: 34 | D14: 896.70588 | E14: 3.4117647 | F14: 0.73529412 | G14: 0.058823529 | H14: =(F14*40)+(E14/5*0.35)+(C14*0.25) -> 38.150588 | I14: =_xlfn.RANK.AVG(H14,$H$2:$H$16,1) -> 7
A15: AGT014 | B15: Deepak Shah | C15: 30 | D15: 929 | E15: 3.8333333 | F15: 0.73333333 | G15: 0.16666667 | H15: =(F15*40)+(E15/5*0.35)+(C15*0.25) -> 37.101667 | I15: =_xlfn.RANK.AVG(H15,$H$2:$H$16,1) -> 6
A16: AGT015 | B16: Meera Pillai | C16: 33 | D16: 865.42424 | E16: 3.6969697 | F16: 0.90909091 | G16: 0.03030303 | H16: =(F16*40)+(E16/5*0.35)+(C16*0.25) -> 44.872424 | I16: =_xlfn.RANK.AVG(H16,$H$2:$H$16,1) -> 15

Sheet A7
A1: AgentName | B1: Score | C1: Mean | D1: Median | E1: Std Dev | F1: Min | G1: Max | H1: Kurtosis | I1: Skewness | J1: Percentile
A2: Priya Sharma | B2: 40.009091 | C2: =AVERAGE(B2:B16) -> 38.507156 | D2: =MEDIAN(B2:B16) -> 38.156842 | E2: =STDEV(B2:B16) -> 4.0514541 | F2: =MIN(B2:B16) -> 32.0964 | G2: =MAX(B2:B16) -> 44.872424 | H2: =KURT(B2:B16) -> -1.1342707 | I2: =SKEW(B2:B16) -> -0.11613656 | J2: =PERCENTILE(B2:B16,1) -> 44.872424
A3: Rahul Mehta | B3: 33.052667
A4: Sneha Patil | B4: 32.0964
A5: Amit Joshi | B5: 38.156842
A6: Divya Nair | B6: 42.143077
A7: Rohan Desai | B7: 39.766216
A8: Pooja Singh | B8: 36.37697
A9: Kiran Kumar | B9: 42.25375
A10: Neha Gupta | B10: 41.928378
A11: Vijay Rao | B11: 33.220937
A12: Anita Bose | B12: 43.703056
A13: Sanjay Tiwari | B13: 34.775278
A14: Lakshmi Iyer | B14: 38.150588
... A16: Meera Pillai | B16: 44.872424

Sheet A8
A1: Hour | B1: Calls
A2: 6 | B2: =COUNTIF('A4'!$K$2:$K$501,A2) -> 23
A3: 19 | B3: =COUNTIF('A4'!$K$2:$K$501,A3) -> 27
A4: 20 | B4: =COUNTIF('A4'!$K$2:$K$501,A4) -> 27
A5: 9 | B5: =COUNTIF('A4'!$K$2:$K$501,A5) -> 26
A6: 8 | B6: =COUNTIF('A4'!$K$2:$K$501,A6) -> 30
A7: 13 | B7: =COUNTIF('A4'!$K$2:$K$501,A7) -> 33
A8: 16 | B8: =COUNTIF('A4'!$K$2:$K$501,A8) -> 32
A9: 10 | B9: =COUNTIF('A4'!$K$2:$K$501,A9) -> 30
A10: 14 | B10: =COUNTIF('A4'!$K$2:$K$501,A10) -> 26
A11: 11 | B11: =COUNTIF('A4'!$K$2:$K$501,A11) -> 24
A12: 15 | B12: =COUNTIF('A4'!$K$2:$K$501,A12) -> 29
A13: 12 | B13: =COUNTIF('A4'!$K$2:$K$501,A13) -> 30
... A18: 17 | B18: =COUNTIF('A4'!$K$2:$K$501,A18) -> 30

Sheet A9
A1: AgentID | B1: AgentName | C1: HourlyRate | D1: ScenarioName | E1: AgentCountMultiplier
A2: AGT001 | B2: Priya Sharma | C2: 18 | D2: Current Baseline | E2: 1
A3: AGT002 | B3: Rahul Mehta | C3: 17 | D3: Scale Up +20% | E3: 1.2
A4: AGT003 | B4: Sneha Patil | C4: 16 | D4: Scale Down -20% | E4: 0.8
A5: AGT004 | B5: Amit Joshi | C5: 19 | D5: Automation Assist | E5: 1
A6: AGT005 | B6: Divya Nair | C6: 18 | D6: Peak Season | E6: 1.3
A7: AGT006 | B7: Rohan Desai | C7: 17
A8: AGT007 | B8: Pooja Singh | C8: 16
A9: AGT008 | B9: Kiran Kumar | C9: 20
A10: AGT009 | B10: Neha Gupta | C10: 18
A11: AGT010 | B11: Vijay Rao | C11: 17
A12: AGT011 | B12: Anita Bose | C12: 16
A13: AGT012 | B13: Sanjay Tiwari | C13: 15
A14: AGT013 | B14: Lakshmi Iyer | C14: 17
A15: AGT014 | B15: Deepak Shah | C15: 18
A16: AGT015 | B16: Meera Pillai | C16: 16

Sheet A10
A1: AgentName | B1: Customer Rating | C1: Resolution rate (%) | D1: Rank
A2: Priya Sharma | B2: 3.4848485 | C2: 0.78787879 | D2: 10
A3: Rahul Mehta | B3: 3.1333333 | C3: 0.63333333 | D3: 2
A4: Sneha Patil | B4: 3.52 | C4: 0.64 | D4: 1
A5: Amit Joshi | B5: 3.3684211 | C5: 0.71052632 | D5: 8
A6: Divya Nair | B6: 3.6923077 | C6: 0.88461538 | D6: 12
A7: Rohan Desai | B7: 3.5135135 | C7: 0.75675676 | D7: 9
A8: Pooja Singh | B8: 3.5454545 | C8: 0.6969697 | D8: 5
A9: Kiran Kumar | B9: 3.625 | C9: 0.8 | D9: 13
A10: Neha Gupta | B10: 3.5135135 | C10: 0.81081081 | D10: 11
A11: Vijay Rao | B11: 3.15625 | C11: 0.625 | D11: 3
A12: Anita Bose | B12: 3.6944444 | C12: 0.86111111 | D12: 14
A13: Sanjay Tiwari | B13: 3.1388889 | C13: 0.63888889 | D13: 4
... A16: Meera Pillai | B16: 3.6969697 | C16: 0.90909091 | D16: 15
